Workbook

Sheet EXPORT COMPTA MENSUEL
A1: MOIS | B1: ESPÈCES | F1: Chèque | J1: CB | N1: TOTAL MENSUEL
B2: Encaissé réel | C2: Recette Adhésion | D2: Recette Services | E2: Recette Produits | F2: Encaissé réel | G2: Recette Adhésion | H2: Recette Services | I2: Recette Produits | J2: Encaissé réel | K2: Recette Adhésion | L2: Recette Services | M2: Recette Produits | N2: Encaissé réel | O2: Recette Adhésion | P2: Recette Services | Q2: Recette Produits
A3: TOTAL | B3: =SUM(B5:B100) -> 0 | C3: =SUM(C5:C100) -> 0 | D3: =SUM(D5:D100) -> 0 | E3: =SUM(E5:E100) -> 0 | F3: =SUM(F5:F200) -> 0 | G3: =SUM(G5:G200) -> 0 | H3: =SUM(H5:H200) -> 0 | I3: =SUM(I5:I200) -> 0 | J3: =SUM(J5:J100) -> 0 | K3: =SUM(K5:K100) -> 0 | L3: =SUM(L5:L100) -> 0 | M3: =SUM(M5:M100) -> 0 | N3: =B3+F3+J3 -> 0 | O3: =C3+G3+K3 -> 0 | P3: =D3+H3+L3 -> 0 | Q3: =E3+I3+M3 -> 0
A4: TOTAL 2 | B4: =SUM('EXPORT COMPTA'!C:C) -> 0 | C4: =SUM('EXPORT COMPTA'!F:F) -> 0 | D4: =SUM('EXPORT COMPTA'!G:G) -> 0 | E4: =SUM('EXPORT COMPTA'!H:H) -> 0 | F4: =SUM('EXPORT COMPTA'!I:I) -> 0 | G4: =SUM('EXPORT COMPTA'!L:L) -> 0 | H4: =SUM('EXPORT COMPTA'!M:M) -> 0 | I4: =SUM('EXPORT COMPTA'!N:N) -> 0 | J4: =SUM('EXPORT COMPTA'!O:O) -> 0 | K4: =SUM('EXPORT COMPTA'!R:R) -> 0 | L4: =SUM('EXPORT COMPTA'!S:S) -> 0 | M4: =SUM('EXPORT COMPTA'!T:T) -> 0 | N4: =B4+F4+J4 -> 0 | O4: =C4+G4+K4 -> 0 | P4: =D4+H4+L4 -> 0 | Q4: =E4+I4+M4 -> 0
A5: {{compta.export_comptable_par_mois[].date}} | B5: {{compta.export_comptable_par_mois[].especes_encaisse_reel}} | C5: {{compta.export_comptable_par_mois[].especes_recette_adhesion}} | D5: {{compta.export_comptable_par_mois[].especes_recette_services}} | E5: {{compta.export_comptable_par_mois[].especes_recette_produits}} | F5: {{compta.export_comptable_par_mois[].cheque_encaisse_reel}} | G5: {{compta.export_comptable_par_mois[].cheque_recette_adhesion}} | H5: {{compta.export_comptable_par_mois[].cheque_recette_services}} | I5: {{compta.export_comptable_par_mois[].cheque_recette_produits}} | J5: {{compta.export_comptable_par_mois[].carte_encaisse_reel}} | K5: {{compta.export_comptable_par_mois[].carte_recette_adhesion}} | L5: {{compta.export_comptable_par_mois[].carte_recette_services}} | M5: {{compta.export_comptable_par_mois[].carte_recette_produits}} | N5: {{compta.export_comptable_par_mois[].total_encaisse_reel}} | O5: {{compta.export_comptable_par_mois[].total_recette_adhesion}} | P5: {{compta.export_comptable_par_mois[].total_recette_services}} | Q5: {{compta.export_comptable_par_mois[].total_recette_produits}}

Sheet EXPORT COMPTA
B1: DATE | C1: Espèces | I1: Chèque | O1: CB
C2: Encaissé réel | D2: Écart | E2: Recette Totale | F2: Recette Adhésion | G2: Recette Services | H2: Recette Produits | I2: Encaissé réel | J2: Écart | K2: Recette Totale | L2: Recette Adhésion | M2: Recette Services | N2: Recette Produits | O2: Encaissé réel | P2: Écart | Q2: Recette Totale | R2: Recette Adhésion | S2: Recette Services | T2: Recette Produits
A4: =IF(ISBLANK([1]FERMETURES!C201),"",[1]FERMETURES!C201) | B4: {{compta.export_comptable_par_jour[].date}} | C4: {{compta.export_comptable_par_jour[].especes_encaisse_reel}} | D4: {{compta.export_comptable_par_jour[].especes_ecart}} | E4: {{compta.export_comptable_par_jour[].especes_recette_totale}} | F4: {{compta.export_comptable_par_jour[].especes_recette_adhesion}} | G4: {{compta.export_comptable_par_jour[].especes_recette_services}} | H4: {{compta.export_comptable_par_jour[].especes_recette_produits}} | I4: {{compta.export_comptable_par_jour[].cheque_encaisse_reel}} | J4: {{compta.export_comptable_par_jour[].cheque_ecart}} | K4: {{compta.export_comptable_par_jour[].cheque_recette_totale}} | L4: {{compta.export_comptable_par_jour[].cheque_recette_adhesion}} | M4: {{compta.export_comptable_par_jour[].cheque_recette_services}} | N4: {{compta.export_comptable_par_jour[].cheque_recette_produits}} | O4: {{compta.export_comptable_par_jour[].carte_encaisse_reel}} | P4: {{compta.export_comptable_par_jour[].carte_ecart}} | Q4: {{compta.export_comptable_par_jour[].carte_recette_totale}} | R4: {{compta.export_comptable_par_jour[].carte_recette_adhesion}} | S4: {{compta.export_comptable_par_jour[].carte_recette_services}} | T4: {{compta.export_comptable_par_jour[].carte_recette_produits}}
